{
	"name": "SpaceShooter_SC1.9",
	"version": "0.3",
	"description": "Space Shooter (Supercar1.9 Edition) // Version 0.3 - 2024 W.I.P // Created by Supercar1.9 / Asset(s) by xanderwood (Construct 3) / Sound effects by freesound.org",
	"id": "",
	"unique-id": "s4aqsr1qd08",
	"viewport-width": 960,
	"viewport-height": 540,
	"author": "Anak Nakhamin",
	"email": "anak.n@kkumail.com",
	"website": "",
	"orientations": "landscape",
	"c2version": "244",
	"c3version": "r407.2",
	"ife": true,
	"used-plugins": [
		"Sprite",
		"Mouse",
		"TiledBg",
		"Text",
		"Particles",
		"Keyboard",
		"LocalStorage",
		"Audio"
	],
	"used-behaviors": [
		"scrollto",
		"MoveTo",
		"Bullet",
		"destroy",
		"Sin"
	]
}